1,188.41,0.00 
1,153.81,0.00 
1,151.00,0.00 
1,191.19,0.00 
1,151.41,0.00 
1,155.59,0.00 
1,177.41,0.00 
1,214.41,0.00 
1,183.19,0.00 
1,199.59,0.00 
1,183.41,0.00 
1,249.00,0.00 
1,225.59,0.00 
1,198.41,0.00 
1,253.81,0.00 
1,257.81,0.00 
1,225.00,0.00 
1,247.59,0.00 
1,235.19,0.00 
1,242.81,0.00 
1,287.19,0.00 
1,255.00,0.00 
1,271.81,0.00 
1,324.00,0.00 
1,-350870.59,3000.00 
1,-378629.00,3000.00 
1,-378328.18,3000.00 
1,-378056.59,3000.00 
1,-377881.00,3000.00 
1,-377730.59,3000.00 
1,-377652.00,3000.00 
1,-377530.40,3000.00 
1,-377441.59,3000.00 
1,-377334.40,3000.00 
1,-377239.00,3000.00 
1,-377192.81,3000.00 
1,-377097.81,3000.00 
1,-377027.40,3000.00 
1,-376973.00,3000.00 
1,-376943.00,3000.00 
1,-376883.40,3000.00 
1,-376875.40,3000.00 
1,-376830.00,3000.00 
1,-376784.18,3000.00 
1,-376773.40,3000.00 
1,-376703.59,3000.00 
1,-376690.40,3000.00 
1,-376681.81,3000.00 
1,-376619.81,3000.00 
1,-376568.59,3000.00 
1,-376583.18,3000.00 
1,-376536.59,3000.00 
1,-376490.18,3000.00 
1,-376445.59,3000.00 
1,-376457.18,3000.00 
1,-376397.00,3000.00 
1,-376398.40,3000.00 
1,-376375.81,3000.00 
1,-376330.81,3000.00 
1,-376320.18,3000.00 
1,-376293.18,3000.00 
1,-376254.18,3000.00 
1,-376271.18,3000.00 
1,-376218.81,3000.00 
1,-376227.00,3000.00 
1,-376209.18,3000.00 
1,-376186.81,3000.00 
1,-376164.40,3000.00 
1,-376140.40,3000.00 
1,-376127.59,3000.00 
1,-376038.18,3000.00 
1,-376028.40,3000.00 
1,-376023.00,3000.00 
1,-376035.00,3000.00 
1,-376070.81,3000.00 
1,-375997.59,3000.00 
1,-375975.59,3000.00 
1,-375946.40,3000.00 
1,-375910.18,3000.00 
1,-375918.81,3000.00 
1,-375907.81,3000.00 
1,-375859.40,3000.00 
1,-375873.81,3000.00 
1,-375892.18,3000.00 
1,-375873.40,3000.00 
1,-375850.40,3000.00 
1,-375798.81,3000.00 
1,-375802.81,3000.00 
1,-375805.18,3000.00 
1,-375806.18,3000.00 
1,-375762.81,3000.00 
1,-375728.40,3000.00 
1,-375713.81,3000.00 
1,-375682.81,3000.00 
1,-375652.00,3000.00 
1,-375668.59,3000.00 
1,-375645.81,3000.00 
1,-375636.59,3000.00 
1,-375589.59,3000.00 
1,-375579.18,3000.00 
1,-375578.81,3000.00 
1,-375580.81,3000.00 
1,-375572.59,3000.00 
1,-375566.18,3000.00 
1,-375551.00,3000.00 
1,-375526.81,3000.00 
1,-375527.81,3000.00 
1,-375513.00,3000.00 
1,-375473.40,3000.00 
1,-375505.00,3000.00 
1,-375436.00,3000.00 
1,-375456.18,3000.00 
1,-375416.81,3000.00 
1,-375376.00,3000.00 
1,-375362.18,3000.00 
1,-375403.18,3000.00 
1,-375364.81,3000.00 
1,-375343.18,3000.00 
1,-375343.00,3000.00 
1,-375353.18,3000.00 
1,-375325.00,3000.00 
1,-375330.40,3000.00 
1,-375322.18,3000.00 
1,-375313.40,3000.00 
1,-375304.40,3000.00 
1,-375330.18,3000.00 
1,-375296.40,3000.00 
1,-375249.00,3000.00 
1,-375212.00,3000.00 
1,-375251.81,3000.00 
1,-375255.59,3000.00 
1,-375247.59,3000.00 
1,-375255.59,3000.00 
1,-375205.81,3000.00 
1,-375260.40,3000.00 
1,-375244.40,3000.00 
1,-375253.59,3000.00 
1,-375206.18,3000.00 
1,-375220.59,3000.00 
1,-375196.81,3000.00 
1,-375164.18,3000.00 
1,-375168.81,3000.00 
1,-375204.40,3000.00 
1,-375183.18,3000.00 
1,-375180.00,3000.00 
1,-375184.81,3000.00 
1,-375159.81,3000.00 
1,-375126.40,3000.00 
1,-375105.18,3000.00 
1,-375134.00,3000.00 
1,-375123.00,3000.00 
1,-375098.81,3000.00 
1,-375027.59,3000.00 
1,-375013.00,3000.00 
1,-375032.59,3000.00 
1,-375024.59,3000.00 
1,-375020.59,3000.00 
1,-374994.00,3000.00 
1,-374991.00,3000.00 
1,-375017.18,3000.00 
1,-374996.81,3000.00 
1,-375010.00,3000.00 
1,-374982.59,3000.00 
1,-375007.00,3000.00 
1,-374974.81,3000.00 
1,-374943.59,3000.00 
1,-374973.59,3000.00 
1,-374987.59,3000.00 
1,-374936.00,3000.00 
1,-374919.59,3000.00 
1,-374884.59,3000.00 
1,-374887.18,3000.00 
1,-374886.81,3000.00 
1,-374882.18,3000.00 
1,-374828.00,3000.00 
1,-374878.81,3000.00 
1,-374890.81,3000.00 
1,-374887.59,3000.00 
1,-374854.40,3000.00 
1,-374864.81,3000.00 
1,-374846.00,3000.00 
1,-374867.40,3000.00 
1,-374794.81,3000.00 
1,-374810.40,3000.00 
1,-374783.18,3000.00 
1,-374808.40,3000.00 
1,-374762.00,3000.00 
1,-374732.40,3000.00 
1,-374698.00,3000.00 
1,-374695.18,3000.00 
1,-374669.18,3000.00 
1,-374633.81,3000.00 
1,-374643.00,3000.00 
1,-374645.59,3000.00 
1,-374618.18,3000.00 
1,-374638.18,3000.00 
1,-374595.18,3000.00 
1,-374574.59,3000.00 
1,-374556.59,3000.00 
1,-374562.59,3000.00 
1,-374559.00,3000.00 
1,-374544.00,3000.00 
1,-374540.81,3000.00 
1,-374506.00,3000.00 
1,-374482.00,3000.00 
1,-374489.00,3000.00 
1,-374463.00,3000.00 
1,-374469.81,3000.00 
1,-374425.40,3000.00 
1,-374426.81,3000.00 
1,-374396.00,3000.00 
1,-374418.40,3000.00 
1,-374334.59,3000.00 
1,-374346.81,3000.00 
1,-374323.00,3000.00 
1,-374325.00,3000.00 
1,-374341.81,3000.00 
1,-374330.59,3000.00 
1,-374306.40,3000.00 
1,-374224.81,3000.00 
1,-374237.81,3000.00 
1,-374213.59,3000.00 
1,-374254.18,3000.00 
1,-374242.59,3000.00 
1,-374154.81,3000.00 
1,-374178.59,3000.00 
1,-374205.00,3000.00 
1,-374186.59,3000.00 
1,-374134.40,3000.00 
1,-374153.59,3000.00 
1,-374155.18,3000.00 
1,-374156.00,3000.00 
1,-374169.81,3000.00 
1,-374141.00,3000.00 
1,-374131.59,3000.00 
1,-374121.81,3000.00 
1,-374123.00,3000.00 
1,-374122.59,3000.00 
1,-374085.81,3000.00 
1,-374136.18,3000.00 
1,-374100.00,3000.00 
1,-374113.40,3000.00 
1,-374096.18,3000.00 
1,-374127.40,3000.00 
1,-374105.18,3000.00 
1,-374132.18,3000.00 
1,-374116.18,3000.00 
1,-374095.81,3000.00 
1,-374127.59,3000.00 
1,-374119.40,3000.00 
1,-374126.59,3000.00 
1,-374103.59,3000.00 
1,-374072.18,3000.00 
1,-374086.40,3000.00 
1,-374100.59,3000.00 
1,-374047.59,3000.00 
1,-374107.18,3000.00 
1,-374072.18,3000.00 
1,-374076.40,3000.00 
1,-374076.81,3000.00 
1,-374037.59,3000.00 
1,-374039.18,3000.00 
1,-374029.59,3000.00 
1,-374039.59,3000.00 
1,-374011.00,3000.00 
1,-374032.59,3000.00 
1,-373966.00,3000.00 
1,-373988.18,3000.00 
1,-373987.18,3000.00 
1,-374027.00,3000.00 
1,-374042.18,3000.00 
1,-373993.59,3000.00 
1,-374018.81,3000.00 
1,-373972.18,3000.00 
1,-373962.81,3000.00 
1,-373984.00,3000.00 
1,-373987.40,3000.00 
1,-373954.81,3000.00 
1,-373964.40,3000.00 
1,-374012.81,3000.00 
1,-373965.18,3000.00 
1,-373981.40,3000.00 
1,-373933.59,3000.00 
1,-373956.00,3000.00 
1,-373949.18,3000.00 
1,-373932.18,3000.00 
1,-373958.40,3000.00 
1,-374007.40,3000.00 
1,-373998.00,3000.00 
1,-373971.81,3000.00 
1,-373976.18,3000.00 
1,-374019.59,3000.00 
1,-373958.40,3000.00 
1,-373991.18,3000.00 
1,-374013.59,3000.00 
1,-374003.00,3000.00 
1,-373977.18,3000.00 
1,-373991.59,3000.00 
1,-373984.40,3000.00 
1,-373958.81,3000.00 
1,-373960.40,3000.00 
1,-373963.81,3000.00 
1,-373988.18,3000.00 
1,-374019.00,3000.00 
1,-373935.00,3000.00 
1,-373989.59,3000.00 
1,-373990.81,3000.00 
1,-373948.59,3000.00 
1,-373935.18,3000.00 
1,-373985.18,3000.00 
1,-373941.40,3000.00 
1,-373968.81,3000.00 
1,-373947.40,3000.00 
1,-373955.40,3000.00 
1,-373917.59,3000.00 
1,-373949.00,3000.00 
1,-373962.40,3000.00 
1,-373955.59,3000.00 
1,-373946.59,3000.00 
1,-373930.40,3000.00 
1,-373960.81,3000.00 
1,-373929.18,3000.00 
1,-373927.40,3000.00 
1,-373911.59,3000.00 
1,-373892.40,3000.00 
1,-373903.59,3000.00 
1,-373907.00,3000.00 
1,-373938.00,3000.00 
1,-373926.18,3000.00 
1,-373903.81,3000.00 
1,-373910.40,3000.00 
1,-373924.59,3000.00 
1,-373890.59,3000.00 
1,-373901.00,3000.00 
1,-373876.59,3000.00 
1,-373861.40,3000.00 
1,-373903.81,3000.00 
1,-373870.59,3000.00 
1,-373845.40,3000.00 
1,-373845.40,3000.00 
1,-373835.40,3000.00 
1,-373857.59,3000.00 
1,-373882.81,3000.00 
1,-373877.18,3000.00 
1,-373897.59,3000.00 
1,-373910.59,3000.00 
1,-373811.18,3000.00 
1,-373827.59,3000.00 
1,-373874.18,3000.00 
1,-373863.00,3000.00 
1,-373810.00,3000.00 
1,-373805.59,3000.00 
1,-373893.81,3000.00 
1,-373840.40,3000.00 
1,-373845.00,3000.00 
1,-373835.00,3000.00 
1,-373827.40,3000.00 
1,-373791.18,3000.00 
1,-373814.18,3000.00 
1,-373812.40,3000.00 
1,-373835.81,3000.00 
1,-373814.00,3000.00 
1,-373785.40,3000.00 
1,-373808.00,3000.00 
1,-373796.59,3000.00 
1,-373804.59,3000.00 
1,-373820.18,3000.00 
1,-373782.18,3000.00 
1,-373764.81,3000.00 
1,-373742.81,3000.00 
1,-373778.00,3000.00 
1,-373797.81,3000.00 
1,-373793.59,3000.00 
1,-373782.59,3000.00 
1,-373823.59,3000.00 
1,-373807.81,3000.00 
1,-373792.00,3000.00 
1,-373767.40,3000.00 
1,-373776.40,3000.00 
1,-373755.81,3000.00 
1,-373775.40,3000.00 
1,-373790.18,3000.00 
1,-373759.81,3000.00 
1,-373767.59,3000.00 
1,-373705.18,3000.00 
1,-373707.40,3000.00 
1,-373737.00,3000.00 
1,-373739.00,3000.00 
1,-373695.18,3000.00 
1,-373674.18,3000.00 
1,-373724.59,3000.00 
1,-373719.18,3000.00 
1,-373691.40,3000.00 
1,-373695.40,3000.00 
1,-373663.59,3000.00 
1,-373669.59,3000.00 
1,-373654.00,3000.00 
1,-373654.40,3000.00 
1,-373638.18,3000.00 
1,-373656.18,3000.00 
1,-373648.59,3000.00 
1,-373602.40,3000.00 
1,-373620.40,3000.00 
1,-373585.00,3000.00 
1,-373589.59,3000.00 
1,-373612.40,3000.00 
1,-373615.18,3000.00 
1,-373565.00,3000.00 
1,-373572.81,3000.00 
1,-373572.00,3000.00 
1,-373582.18,3000.00 
1,-373571.81,3000.00 
1,-373553.81,3000.00 
1,-373583.59,3000.00 
1,-373572.81,3000.00 
1,-373611.59,3000.00 
1,-373509.59,3000.00 
1,-373506.40,3000.00 
1,-373560.81,3000.00 
1,-373508.59,3000.00 
1,-373558.00,3000.00 
1,-373564.18,3000.00 
1,-373512.40,3000.00 
1,-373527.40,3000.00 
1,-373509.18,3000.00 
1,-373503.59,3000.00 
1,-373549.00,3000.00 
1,-373496.18,3000.00 
1,-373509.81,3000.00 
1,-373460.00,3000.00 
1,-373455.18,3000.00 
1,-373466.00,3000.00 
1,-373436.81,3000.00 
1,-373459.81,3000.00 
1,-373487.40,3000.00 
1,-373479.18,3000.00 
1,-373432.40,3000.00 
1,-373429.81,3000.00 
1,-373429.59,3000.00 
1,-373430.00,3000.00 
1,-373394.59,3000.00 
1,-373391.81,3000.00 
1,-373433.00,3000.00 
1,-373359.00,3000.00 
1,-373380.18,3000.00 
1,-373335.00,3000.00 
1,-373375.59,3000.00 
1,-373356.00,3000.00 
1,-373342.40,3000.00 
1,-373403.18,3000.00 
1,-373363.40,3000.00 
1,-373315.81,3000.00 
1,-373325.18,3000.00 
1,-373328.59,3000.00 
1,-373328.18,3000.00 
1,-373272.00,3000.00 
1,-373328.81,3000.00 
1,-373304.00,3000.00 
1,-373272.18,3000.00 
1,-373243.59,3000.00 
1,-373281.40,3000.00 
1,-373237.81,3000.00 
1,-373256.59,3000.00 
1,-373270.40,3000.00 
1,-373250.59,3000.00 
1,-373195.00,3000.00 
1,-373233.00,3000.00 
1,-373240.59,3000.00 
1,-373241.81,3000.00 
1,-373211.40,3000.00 
1,-373249.59,3000.00 
1,-373169.40,3000.00 
1,-373186.59,3000.00 
1,-373191.81,3000.00 
1,-373168.00,3000.00 
1,-373162.40,3000.00 
1,-373173.40,3000.00 
1,-373137.00,3000.00 
1,-373174.59,3000.00 
1,-373153.40,3000.00 
1,-373126.81,3000.00 
1,-373151.40,3000.00 
1,-373146.59,3000.00 
1,-373117.40,3000.00 
1,-373097.59,3000.00 
1,-373089.81,3000.00 
1,-373117.18,3000.00 
1,-373100.81,3000.00 
1,-373093.59,3000.00 
1,-373062.59,3000.00 
1,-373107.18,3000.00 
1,-373109.81,3000.00 
1,-373047.00,3000.00 
1,-373030.81,3000.00 
1,-373079.59,3000.00 
1,-373093.40,3000.00 
1,-373073.00,3000.00 
1,-373037.81,3000.00 
1,-373059.18,3000.00 
1,-372981.81,3000.00 
1,-373033.18,3000.00 
1,-373009.59,3000.00 
1,-373009.59,3000.00 
1,-373004.40,3000.00 
1,-373005.40,3000.00 
1,-372990.81,3000.00 
1,-372978.18,3000.00 
1,-372961.18,3000.00 
1,-372979.81,3000.00 
1,-372955.81,3000.00 
1,-372959.59,3000.00 
1,-372960.59,3000.00 
1,-372965.59,3000.00 
1,-372948.00,3000.00 
1,-372932.81,3000.00 
1,-372952.81,3000.00 
1,-372946.40,3000.00 
1,-372953.18,3000.00 
1,-372921.00,3000.00 
1,-372971.40,3000.00 
1,-372914.40,3000.00 
1,-372957.18,3000.00 
1,-372902.59,3000.00 
1,-372887.59,3000.00 
1,-372902.81,3000.00 
1,-372878.59,3000.00 
1,-372899.81,3000.00 
1,-372902.18,3000.00 
1,-372904.59,3000.00 
1,-372882.40,3000.00 
1,-372915.59,3000.00 
1,-372906.81,3000.00 
1,-372899.18,3000.00 
1,-372894.59,3000.00 
1,-372912.59,3000.00 
1,-372869.18,3000.00 
1,-372872.81,3000.00 
1,-372873.40,3000.00 
1,-372915.81,3000.00 
1,-372872.81,3000.00 
1,-372914.18,3000.00 
1,-372910.00,3000.00 
1,-372900.81,3000.00 
1,-372871.81,3000.00 
1,-372899.18,3000.00 
1,-372882.81,3000.00 
1,-372895.18,3000.00 
1,-372862.81,3000.00 
1,-372925.40,3000.00 
1,-372881.40,3000.00 
1,-372887.81,3000.00 
1,-372892.18,3000.00 
1,-372878.81,3000.00 
1,-372870.18,3000.00 
1,-372839.81,3000.00 
1,-372895.00,3000.00 
1,-372886.59,3000.00 
1,-372888.18,3000.00 
1,-372861.59,3000.00 
1,-372894.40,3000.00 
1,-372885.40,3000.00 
1,-372898.18,3000.00 
1,-372852.18,3000.00 
1,-372895.18,3000.00 
1,-372858.81,3000.00 
1,-372843.18,3000.00 
1,-372890.40,3000.00 
1,-372889.81,3000.00 
1,-372876.40,3000.00 
1,-372868.81,3000.00 
1,-372828.59,3000.00 
1,-372858.40,3000.00 
1,-372850.59,3000.00 
1,-372872.00,3000.00 
1,-372824.40,3000.00 
1,-372827.81,3000.00 
1,-372853.00,3000.00 
1,-372812.40,3000.00 
1,-372824.00,3000.00 
1,-372854.81,3000.00 
1,-372835.81,3000.00 
1,-372858.59,3000.00 
1,-372814.00,3000.00 
1,-372876.00,3000.00 
1,-372816.18,3000.00 
1,-372787.00,3000.00 
1,-372810.59,3000.00 
1,-372773.00,3000.00 
1,-372812.40,3000.00 
1,-372824.40,3000.00 
1,-372835.81,3000.00 
1,-372819.59,3000.00 
1,-372775.81,3000.00 
1,-372762.59,3000.00 
1,-372793.40,3000.00 
1,-372802.18,3000.00 
1,-372819.81,3000.00 
1,-372803.81,3000.00 
1,-372770.40,3000.00 
1,-372812.81,3000.00 
1,-372798.81,3000.00 
1,-372786.18,3000.00 
1,-372754.59,3000.00 
1,-372799.18,3000.00 
1,-372757.40,3000.00 
1,-372759.18,3000.00 
1,-372728.59,3000.00 
1,-372743.81,3000.00 
1,-372756.59,3000.00 
1,-372754.00,3000.00 
1,-372737.18,3000.00 
1,-372758.81,3000.00 
1,-372725.40,3000.00 
1,-372714.00,3000.00 
1,-372727.00,3000.00 
1,-372719.81,3000.00 
1,-372705.40,3000.00 
1,-372693.00,3000.00 
1,-372666.59,3000.00 
1,-372713.59,3000.00 
1,-372700.40,3000.00 
1,-372671.18,3000.00 
1,-372670.81,3000.00 
1,-372658.81,3000.00 
1,-372644.00,3000.00 
1,-372664.40,3000.00 
1,-372658.40,3000.00 
1,-372655.40,3000.00 
1,-372677.81,3000.00 
1,-372594.40,3000.00 
1,-372645.18,3000.00 
1,-372686.00,3000.00 
1,-372620.00,3000.00 
1,-372650.59,3000.00 
1,-372609.81,3000.00 
1,-372592.59,3000.00 
1,-372637.18,3000.00 
1,-372635.00,3000.00 
1,-372628.40,3000.00 
1,-372608.59,3000.00 
1,-372651.81,3000.00 
1,-372641.40,3000.00 
1,-372641.81,3000.00 
1,-372645.81,3000.00 
1,-372626.00,3000.00 
1,-372652.18,3000.00 
1,-372589.59,3000.00 
1,-372595.81,3000.00 
1,-372621.40,3000.00 
1,-372599.18,3000.00 
1,-372601.59,3000.00 
1,-372583.81,3000.00 
1,-372571.40,3000.00 
1,-372582.81,3000.00 
1,-372543.40,3000.00 
1,-372588.40,3000.00 
1,-372567.18,3000.00 
1,-372538.00,3000.00 
1,-372523.81,3000.00 
1,-372538.18,3000.00 
1,-372547.40,3000.00 
1,-372583.18,3000.00 
1,-372552.18,3000.00 
1,-372505.18,3000.00 
1,-372509.40,3000.00 
1,-372515.81,3000.00 
1,-372497.18,3000.00 
1,-372520.40,3000.00 
1,-372513.18,3000.00 
1,-372483.81,3000.00 
1,-372472.40,3000.00 
1,-372488.18,3000.00 
1,-372509.40,3000.00 
1,-372469.00,3000.00 
1,-372470.81,3000.00 
1,-372440.40,3000.00 
1,-372450.81,3000.00 
1,-372461.59,3000.00 
1,-372483.81,3000.00 
1,-372504.40,3000.00 
1,-372436.40,3000.00 
1,-372461.40,3000.00 
1,-372422.81,3000.00 
1,-372431.18,3000.00 
1,-372470.18,3000.00 
1,-372439.59,3000.00 
1,-372401.81,3000.00 
1,-372479.81,3000.00 
1,-372425.00,3000.00 
1,-372456.18,3000.00 
1,-372421.81,3000.00 
1,-372440.18,3000.00 
1,-372415.59,3000.00 
1,-372400.00,3000.00 
1,-372428.81,3000.00 
1,-372371.00,3000.00 
1,-372406.18,3000.00 
1,-372392.00,3000.00 
1,-372446.00,3000.00 
1,-372434.00,3000.00 
1,-372404.40,3000.00 
1,-372413.18,3000.00 
1,-372389.18,3000.00 
1,-372400.18,3000.00 
1,-372380.40,3000.00 
1,-372359.81,3000.00 
1,-372388.59,3000.00 
1,-372402.81,3000.00 
1,-372364.18,3000.00 
1,-372416.40,3000.00 
1,-372375.18,3000.00 
1,-372365.40,3000.00 
1,-372390.40,3000.00 
1,-372353.59,3000.00 
1,-372386.40,3000.00 
1,-372353.18,3000.00 
1,-372344.00,3000.00 
1,-372382.40,3000.00 
1,-372372.18,3000.00 
1,-372326.40,3000.00 
1,-372372.40,3000.00 
1,-372372.59,3000.00 
1,-372340.00,3000.00 
1,-372373.59,3000.00 
1,-372361.40,3000.00 
1,-372365.40,3000.00 
1,-372336.59,3000.00 
1,-372373.00,3000.00 
1,-372352.00,3000.00 
1,-372347.81,3000.00 
1,-372376.40,3000.00 
1,-372333.18,3000.00 
1,-372366.18,3000.00 
1,-372354.40,3000.00 
1,-372337.00,3000.00 
1,-372345.00,3000.00 
1,-372354.00,3000.00 
1,-372339.59,3000.00 
1,-372284.81,3000.00 
1,-372323.40,3000.00 
1,-372289.18,3000.00 
1,-372364.40,3000.00 
1,-372287.00,3000.00 
1,-372314.40,3000.00 
1,-372325.59,3000.00 
1,-372321.00,3000.00 
1,-372300.40,3000.00 
1,-372294.59,3000.00 
1,-372302.59,3000.00 
1,-372319.00,3000.00 
1,-372351.00,3000.00 
1,-372316.00,3000.00 
1,-372328.00,3000.00 
1,-372383.81,3000.00 
1,-372359.81,3000.00 
1,-372321.40,3000.00 
1,-372316.00,3000.00 
1,-372346.18,3000.00 
1,-372361.40,3000.00 
1,-372342.40,3000.00 
1,-372365.18,3000.00 
1,-372322.40,3000.00 
1,-372353.18,3000.00 
1,-372309.18,3000.00 
1,-372322.00,3000.00 
1,-372322.18,3000.00 
1,-372292.81,3000.00 
1,-372335.81,3000.00 
1,-372317.81,3000.00 
1,-372301.59,3000.00 
1,-372274.40,3000.00 
1,-372247.81,3000.00 
1,-372284.81,3000.00 
1,-372240.59,3000.00 
1,-372267.81,3000.00 
1,-372303.81,3000.00 
1,-372265.59,3000.00 
1,-372242.81,3000.00 
1,-372235.00,3000.00 
1,-372227.18,3000.00 
1,-372222.40,3000.00 
1,-372265.18,3000.00 
1,-372185.40,3000.00 
1,-372242.81,3000.00 
1,-372243.81,3000.00 
1,-372219.18,3000.00 
1,-372258.81,3000.00 
1,-372244.18,3000.00 
1,-372226.81,3000.00 
1,-372201.59,3000.00 
1,-372202.00,3000.00 
1,-372212.40,3000.00 
1,-372190.59,3000.00 
1,-372225.40,3000.00 
1,-372256.81,3000.00 
1,-372203.18,3000.00 
1,-372207.18,3000.00 
1,-372220.00,3000.00 
1,-372184.00,3000.00 
1,-372192.00,3000.00 
1,-372213.18,3000.00 
1,-372160.00,3000.00 
1,-372239.81,3000.00 
1,-372192.40,3000.00 
1,-372195.59,3000.00 
1,-372188.59,3000.00 
1,-372170.00,3000.00 
1,-372189.40,3000.00 
1,-372171.81,3000.00 
1,-372223.81,3000.00 
1,-372178.81,3000.00 
1,-372187.40,3000.00 
1,-372142.81,3000.00 
1,-372192.40,3000.00 
1,-372184.59,3000.00 
1,-372178.18,3000.00 
1,-372161.18,3000.00 
1,-372138.81,3000.00 
1,-372182.00,3000.00 
1,-372134.59,3000.00 
1,-372154.40,3000.00 
1,-372145.00,3000.00 
1,-372133.40,3000.00 
1,-372141.81,3000.00 
1,-372107.18,3000.00 
1,-372122.59,3000.00 
1,-372121.81,3000.00 
1,-372133.00,3000.00 
1,-372088.00,3000.00 
1,-372079.00,3000.00 
1,-372095.59,3000.00 
1,-372054.18,3000.00 
1,-372091.59,3000.00 
1,-372092.40,3000.00 
1,-372094.59,3000.00 
1,-372061.81,3000.00 
1,-372071.18,3000.00 
1,-372057.81,3000.00 
1,-372069.00,3000.00 
1,-372030.00,3000.00 
1,-372060.00,3000.00 
1,-372118.40,3000.00 
1,-372067.18,3000.00 
1,-372049.81,3000.00 
1,-372036.40,3000.00 
1,-372046.40,3000.00 
1,-372071.18,3000.00 
1,-372065.59,3000.00 
1,-372056.81,3000.00 
1,-372088.40,3000.00 
1,-372098.00,3000.00 
1,-372090.40,3000.00 
1,-372055.40,3000.00 
1,-372082.18,3000.00 
1,-372108.40,3000.00 
1,-372056.18,3000.00 
1,-372076.00,3000.00 
1,-372029.18,3000.00 
1,-372007.59,3000.00 
1,-372054.18,3000.00 
1,-372055.00,3000.00 
1,-372046.40,3000.00 
1,-372072.18,3000.00 
1,-372047.18,3000.00 
1,-372040.00,3000.00 
1,-372061.40,3000.00 
1,-372041.40,3000.00 
1,-372044.81,3000.00 
1,-372066.18,3000.00 
1,-372013.81,3000.00 
1,-372027.18,3000.00 
1,-372009.00,3000.00 
1,-372035.40,3000.00 
1,-372001.59,3000.00 
1,-372023.18,3000.00 
1,-372035.00,3000.00 
1,-372034.59,3000.00 
1,-372018.40,3000.00 
1,-372018.18,3000.00 
1,-372007.40,3000.00 
1,-371987.59,3000.00 
1,-371954.00,3000.00 
1,-371959.18,3000.00 
1,-371965.81,3000.00 
1,-371932.18,3000.00 
1,-371927.59,3000.00 
1,-371940.00,3000.00 
1,-371957.40,3000.00 
1,-371925.00,3000.00 
1,-371925.00,3000.00 
1,-371847.59,3000.00 
1,-371904.59,3000.00 
1,-371898.40,3000.00 
1,-371903.59,3000.00 
1,-371893.81,3000.00 
1,-371906.00,3000.00 
1,-371882.00,3000.00 
1,-371885.18,3000.00 
1,-371849.59,3000.00 
1,-371907.81,3000.00 
1,-371852.40,3000.00 
1,-371865.81,3000.00 
1,-371849.18,3000.00 
1,-371840.00,3000.00 
1,-371849.18,3000.00 
1,-371822.40,3000.00 
1,-371857.00,3000.00 
1,-371824.40,3000.00 
1,-371802.18,3000.00 
1,-371838.18,3000.00 
1,-371765.00,3000.00 
1,-371804.00,3000.00 
1,-371792.40,3000.00 
1,-371799.81,3000.00 
1,-371819.59,3000.00 
1,-371787.00,3000.00 
1,-371788.59,3000.00 
1,-371782.18,3000.00 
1,-371757.18,3000.00 
1,-371788.00,3000.00 
1,-371760.00,3000.00 
1,-371765.59,3000.00 
1,-371816.18,3000.00 
1,-371803.00,3000.00 
1,-371795.81,3000.00 
1,-371791.40,3000.00 
1,-371755.81,3000.00 
1,-371779.40,3000.00 
1,-371781.40,3000.00 
1,-371786.18,3000.00 
1,-371821.00,3000.00 
1,-371791.59,3000.00 
1,-371783.40,3000.00 
1,-371788.59,3000.00 
1,-371791.00,3000.00 
1,-371755.00,3000.00 
1,-371781.18,3000.00 
1,-371775.18,3000.00 
1,-371756.00,3000.00 
1,-371736.59,3000.00 
1,-371778.40,3000.00 
1,-371767.18,3000.00 
1,-371745.81,3000.00 
1,-371754.00,3000.00 
1,-371759.40,3000.00 
1,-371775.81,3000.00 
1,-371764.40,3000.00 
1,-371748.18,3000.00 
1,-371760.59,3000.00 
1,-371760.18,3000.00 
1,-371784.00,3000.00 
1,-371776.81,3000.00 
1,-371779.40,3000.00 
1,-371765.59,3000.00 
1,-371800.40,3000.00 
1,-371767.00,3000.00 
1,-371755.00,3000.00 
1,-371742.00,3000.00 
1,-371770.40,3000.00 
1,-371729.18,3000.00 
1,-371779.40,3000.00 
1,-371782.18,3000.00 
1,-371755.81,3000.00 
1,-371749.81,3000.00 
1,-371750.18,3000.00 
1,-371717.00,3000.00 
1,-371727.00,3000.00 
1,-371717.00,3000.00 
1,-371753.59,3000.00 
1,-371743.18,3000.00 
1,-371759.00,3000.00 
1,-371696.40,3000.00 
1,-371746.18,3000.00 
1,-371718.59,3000.00 
1,-371704.59,3000.00 
1,-371714.18,3000.00 
1,-371726.00,3000.00 
1,-371696.18,3000.00 
1,-371703.81,3000.00 
1,-371708.81,3000.00 
1,-371670.00,3000.00 
1,-371713.40,3000.00 
1,-371695.00,3000.00 
1,-371691.81,3000.00 
1,-371708.18,3000.00 
1,-371713.00,3000.00 
1,-371700.00,3000.00 
1,-371687.40,3000.00 
1,-371719.40,3000.00 
1,-371774.40,3000.00 
1,-371719.00,3000.00 
1,-371725.18,3000.00 
1,-371707.40,3000.00 
1,-371655.18,3000.00 
1,-371745.00,3000.00 
1,-371712.40,3000.00 
1,-371700.18,3000.00 
1,-371703.00,3000.00 
1,-371703.81,3000.00 
1,-371714.40,3000.00 
1,-371708.81,3000.00 
1,-371703.18,3000.00 
1,-371688.81,3000.00 
1,-371700.81,3000.00 
1,-371712.59,3000.00 
1,-371690.00,3000.00 
1,-371679.59,3000.00 
1,-371695.81,3000.00 
1,-371689.00,3000.00 
1,-371632.59,3000.00 
1,-371657.81,3000.00 
1,-371681.81,3000.00 
1,-371645.18,3000.00 
1,-371660.00,3000.00 
1,-371647.59,3000.00 
1,-371676.81,3000.00 
1,-371672.00,3000.00 
1,-371609.81,3000.00 
1,-371634.59,3000.00 
1,-371676.81,3000.00 
1,-371646.40,3000.00 
1,-371710.81,3000.00 
1,-371659.59,3000.00 
1,-371673.81,3000.00 
1,-12063.00,0.00 
1,13230.59,0.00 
1,13040.00,0.00 
1,12875.19,0.00 
1,12747.59,0.00 
1,12668.00,0.00 
1,12560.19,0.00 
1,12495.19,0.00 
1,12424.41,0.00 
1,12373.59,0.00 
1,12338.00,0.00 
1,12316.00,0.00 
1,12313.59,0.00 
1,12288.59,0.00 
1,12259.81,0.00 
1,12207.00,0.00 
1,12189.41,0.00 
1,12184.00,0.00 
1,12101.19,0.00 
1,12067.81,0.00 
1,12054.19,0.00 
1,12069.59,0.00 
1,12022.00,0.00 
1,11998.81,0.00 
1,11990.81,0.00 
1,12018.41,0.00 
1,11986.41,0.00 
1,11946.81,0.00 
1,11909.41,0.00 
1,11910.81,0.00 
1,11883.41,0.00 
1,11871.59,0.00 
1,11876.81,0.00 
1,11855.41,0.00 
1,11863.59,0.00 
1,11788.81,0.00 
1,11841.41,0.00 
1,11801.00,0.00 
1,11727.81,0.00 
1,11770.19,0.00 
1,11759.41,0.00 
1,11770.19,0.00 
1,11750.59,0.00 
1,11732.81,0.00 
1,11713.00,0.00 
1,11714.19,0.00 
1,11731.00,0.00 
1,11692.59,0.00 
1,11684.19,0.00 
1,11683.19,0.00 
1,11695.19,0.00 
1,11635.19,0.00 
1,11673.00,0.00 
1,11637.00,0.00 
1,11643.41,0.00 
1,11645.41,0.00 
1,11660.41,0.00 
1,11624.41,0.00 
1,11594.00,0.00 
1,11619.19,0.00 
1,11615.81,0.00 
1,11632.19,0.00 
1,11614.41,0.00 
1,11623.41,0.00 
1,11619.00,0.00 
1,11583.41,0.00 
1,11581.19,0.00 
1,11572.41,0.00 
1,11523.19,0.00 
1,11608.41,0.00 
1,11593.00,0.00 
1,11566.00,0.00 
1,11548.41,0.00 
1,11574.59,0.00